cod_item_material,cod_grupo,data_grupo
1737,1,2025-03-13
130,1,2025-03-13
1739,1,2025-03-13
1738,1,2025-03-13
2405,1,2025-03-13
2162,2,2025-03-13
2263,3,2025-03-13
482,3,2025-03-13
2707,3,2025-03-13
1848,4,2025-03-13
483,4,2025-03-13
2680,5,2025-03-13
194,5,2025-03-13
484,5,2025-03-13
1954,5,2025-03-13
2591,5,2025-03-13
1955,5,2025-03-13
1749,5,2025-03-13
430,5,2025-03-13
2101,5,2025-03-13
2507,5,2025-03-13
1811,5,2025-03-13
2051,5,2025-03-13
2500,5,2025-03-13
1992,5,2025-03-13
2449,6,2025-03-13
2315,6,2025-03-13
2314,6,2025-03-13
486,6,2025-03-13
487,6,2025-03-13
2313,6,2025-03-13
2448,6,2025-03-13
1905,6,2025-03-13
2597,6,2025-03-13
2727,6,2025-03-13
2600,6,2025-03-13
1518,6,2025-03-13
2601,6,2025-03-13
2599,6,2025-03-13
2602,6,2025-03-13
2316,6,2025-03-13
2598,6,2025-03-13
2340,6,2025-03-13
2469,7,2025-03-13
464,7,2025-03-13
488,7,2025-03-13
489,7,2025-03-13
491,8,2025-03-13
490,8,2025-03-13
526,9,2025-03-13
523,9,2025-03-13
524,9,2025-03-13
522,9,2025-03-13
512,9,2025-03-13
521,9,2025-03-13
525,9,2025-03-13
520,9,2025-03-13
527,9,2025-03-13
513,9,2025-03-13
515,9,2025-03-13
516,9,2025-03-13
519,9,2025-03-13
2765,9,2025-03-13
2673,9,2025-03-13
518,9,2025-03-13
517,9,2025-03-13
514,9,2025-03-13
528,9,2025-03-13
2172,9,2025-03-13
511,9,2025-03-13
1559,9,2025-03-13
497,9,2025-03-13
496,9,2025-03-13
2672,9,2025-03-13
1653,9,2025-03-13
494,9,2025-03-13
495,9,2025-03-13
498,9,2025-03-13
971,9,2025-03-13
1687,9,2025-03-13
1692,9,2025-03-13
500,9,2025-03-13
501,9,2025-03-13
502,9,2025-03-13
499,9,2025-03-13
492,9,2025-03-13
509,9,2025-03-13
493,9,2025-03-13
2384,9,2025-03-13
2645,9,2025-03-13
510,9,2025-03-13
507,9,2025-03-13
508,9,2025-03-13
504,9,2025-03-13
503,9,2025-03-13
506,9,2025-03-13
505,9,2025-03-13
1476,10,2025-03-13
529,11,2025-03-13
539,12,2025-03-13
538,12,2025-03-13
540,12,2025-03-13
537,12,2025-03-13
2590,12,2025-03-13
535,12,2025-03-13
536,12,2025-03-13
534,12,2025-03-13
533,12,2025-03-13
3084,12,2025-03-13
532,12,2025-03-13
531,12,2025-03-13
530,12,2025-03-13
2965,12,2025-03-13
541,12,2025-03-13
543,12,2025-03-13
557,12,2025-03-13
544,12,2025-03-13
2814,12,2025-03-13
2815,12,2025-03-13
2816,12,2025-03-13
2836,12,2025-03-13
2784,12,2025-03-13
2368,12,2025-03-13
2426,12,2025-03-13
542,12,2025-03-13
560,12,2025-03-13
559,12,2025-03-13
558,12,2025-03-13
556,12,2025-03-13
3306,12,2025-03-13
550,12,2025-03-13
548,12,2025-03-13
549,12,2025-03-13
555,12,2025-03-13
546,12,2025-03-13
551,12,2025-03-13
545,12,2025-03-13
547,12,2025-03-13
552,12,2025-03-13
553,12,2025-03-13
554,12,2025-03-13
481,13,2025-03-13
562,14,2025-03-13
561,14,2025-03-13
1446,14,2025-03-13
2794,14,2025-03-13
1445,14,2025-03-13
2792,14,2025-03-13
563,15,2025-03-13
113,15,2025-03-13
564,15,2025-03-13
114,15,2025-03-13
2272,16,2025-03-13
2838,16,2025-03-13
206,16,2025-03-13
1527,16,2025-03-13
205,16,2025-03-13
204,16,2025-03-13
207,16,2025-03-13
2049,16,2025-03-13
203,16,2025-03-13
2269,16,2025-03-13
2704,16,2025-03-13
2654,16,2025-03-13
1585,16,2025-03-13
208,16,2025-03-13
3072,16,2025-03-13
573,16,2025-03-13
565,16,2025-03-13
566,16,2025-03-13
567,16,2025-03-13
569,16,2025-03-13
570,16,2025-03-13
571,16,2025-03-13
572,16,2025-03-13
3307,16,2025-03-13
574,16,2025-03-13
2090,16,2025-03-13
2533,16,2025-03-13
2686,16,2025-03-13
2837,16,2025-03-13
2266,16,2025-03-13
209,16,2025-03-13
1777,17,2025-03-13
2658,18,2025-03-13
1740,18,2025-03-13
2982,18,2025-03-13
96,18,2025-03-13
1741,18,2025-03-13
578,18,2025-03-13
577,18,2025-03-13
576,18,2025-03-13
575,18,2025-03-13
1604,18,2025-03-13
579,18,2025-03-13
2812,18,2025-03-13
210,18,2025-03-13
1972,18,2025-03-13
2037,18,2025-03-13
2201,18,2025-03-13
1783,19,2025-03-13
3253,19,2025-03-13
2821,19,2025-03-13
3280,19,2025-03-13
2504,19,2025-03-13
2073,19,2025-03-13
478,20,2025-03-13
1450,20,2025-03-13
2568,20,2025-03-13
2566,20,2025-03-13
2567,20,2025-03-13
2018,21,2025-03-13
2309,21,2025-03-13
1837,21,2025-03-13
2722,21,2025-03-13
2308,21,2025-03-13
2447,21,2025-03-13
2446,21,2025-03-13
2575,21,2025-03-13
2137,21,2025-03-13
2136,21,2025-03-13
581,21,2025-03-13
1795,21,2025-03-13
2014,21,2025-03-13
2178,21,2025-03-13
1227,21,2025-03-13
2177,21,2025-03-13
2015,21,2025-03-13
2016,21,2025-03-13
2236,21,2025-03-13
2262,21,2025-03-13
2020,21,2025-03-13
1228,21,2025-03-13
587,22,2025-03-13
585,22,2025-03-13
584,22,2025-03-13
586,22,2025-03-13
609,22,2025-03-13
582,22,2025-03-13
608,22,2025-03-13
588,22,2025-03-13
610,22,2025-03-13
2104,22,2025-03-13
611,22,2025-03-13
612,22,2025-03-13
613,22,2025-03-13
614,22,2025-03-13
615,22,2025-03-13
583,22,2025-03-13
589,22,2025-03-13
593,22,2025-03-13
591,22,2025-03-13
2723,22,2025-03-13
1586,22,2025-03-13
2725,22,2025-03-13
2726,22,2025-03-13
606,22,2025-03-13
603,22,2025-03-13
604,22,2025-03-13
590,22,2025-03-13
607,22,2025-03-13
602,22,2025-03-13
601,22,2025-03-13
605,22,2025-03-13
600,22,2025-03-13
592,22,2025-03-13
2724,22,2025-03-13
594,22,2025-03-13
596,22,2025-03-13
595,22,2025-03-13
597,22,2025-03-13
598,22,2025-03-13
599,22,2025-03-13
617,23,2025-03-13
616,23,2025-03-13
2640,24,2025-03-13
2641,24,2025-03-13
2805,24,2025-03-13
72,24,2025-03-13
107,24,2025-03-13
117,24,2025-03-13
619,24,2025-03-13
618,24,2025-03-13
2824,24,2025-03-13
2693,24,2025-03-13
2180,24,2025-03-13
2508,24,2025-03-13
1802,24,2025-03-13
2497,25,2025-03-13
2498,25,2025-03-13
1769,25,2025-03-13
1838,25,2025-03-13
2491,25,2025-03-13
2492,25,2025-03-13
2495,25,2025-03-13
620,25,2025-03-13
1768,25,2025-03-13
212,25,2025-03-13
2496,25,2025-03-13
213,25,2025-03-13
214,25,2025-03-13
215,25,2025-03-13
2493,25,2025-03-13
216,25,2025-03-13
2494,25,2025-03-13
1839,25,2025-03-13
3093,26,2025-03-13
3087,26,2025-03-13
3094,26,2025-03-13
3095,26,2025-03-13
3096,26,2025-03-13
3097,26,2025-03-13
621,26,2025-03-13
3099,26,2025-03-13
3106,26,2025-03-13
3105,26,2025-03-13
3104,26,2025-03-13
3086,26,2025-03-13
3089,26,2025-03-13
3102,26,2025-03-13
3101,26,2025-03-13
3088,26,2025-03-13
3090,26,2025-03-13
3100,26,2025-03-13
3098,26,2025-03-13
3103,26,2025-03-13
3092,26,2025-03-13
3085,26,2025-03-13
622,26,2025-03-13
568,26,2025-03-13
624,26,2025-03-13
625,26,2025-03-13
626,26,2025-03-13
627,26,2025-03-13
628,26,2025-03-13
124,26,2025-03-13
629,26,2025-03-13
3091,26,2025-03-13
623,26,2025-03-13
2512,27,2025-03-13
1841,27,2025-03-13
2477,28,2025-03-13
634,29,2025-03-13
633,29,2025-03-13
632,29,2025-03-13
631,29,2025-03-13
648,29,2025-03-13
642,29,2025-03-13
645,29,2025-03-13
646,29,2025-03-13
651,29,2025-03-13
647,29,2025-03-13
649,29,2025-03-13
650,29,2025-03-13
635,29,2025-03-13
1487,29,2025-03-13
636,29,2025-03-13
637,29,2025-03-13
638,29,2025-03-13
639,29,2025-03-13
640,29,2025-03-13
1533,29,2025-03-13
644,29,2025-03-13
1522,29,2025-03-13
1521,29,2025-03-13
64,29,2025-03-13
1452,29,2025-03-13
1496,29,2025-03-13
1523,29,2025-03-13
2803,29,2025-03-13
2804,29,2025-03-13
643,29,2025-03-13
641,29,2025-03-13
2510,29,2025-03-13
218,29,2025-03-13
1842,29,2025-03-13
225,29,2025-03-13
224,29,2025-03-13
1225,29,2025-03-13
223,29,2025-03-13
2675,29,2025-03-13
1916,29,2025-03-13
217,29,2025-03-13
2389,29,2025-03-13
222,29,2025-03-13
221,29,2025-03-13
220,29,2025-03-13
219,29,2025-03-13
2511,29,2025-03-13
2390,29,2025-03-13
652,30,2025-03-13
653,30,2025-03-13
1467,30,2025-03-13
1484,30,2025-03-13
1554,30,2025-03-13
459,30,2025-03-13
1468,30,2025-03-13
2514,31,2025-03-13
1784,31,2025-03-13
2731,31,2025-03-13
1785,31,2025-03-13
2721,31,2025-03-13
2720,31,2025-03-13
1787,31,2025-03-13
2526,31,2025-03-13
1786,31,2025-03-13
463,31,2025-03-13
2661,31,2025-03-13
2662,31,2025-03-13
2516,31,2025-03-13
2515,31,2025-03-13
137,32,2025-03-13
2283,32,2025-03-13
2294,32,2025-03-13
2209,32,2025-03-13
1890,32,2025-03-13
1891,32,2025-03-13
138,32,2025-03-13
227,32,2025-03-13
1904,32,2025-03-13
2275,32,2025-03-13
2115,32,2025-03-13
2114,32,2025-03-13
1752,32,2025-03-13
2748,32,2025-03-13
453,32,2025-03-13
1751,32,2025-03-13
2471,32,2025-03-13
2284,32,2025-03-13
2285,32,2025-03-13
461,32,2025-03-13
1480,32,2025-03-13
2843,32,2025-03-13
1607,32,2025-03-13
2289,32,2025-03-13
1601,32,2025-03-13
2065,32,2025-03-13
2292,32,2025-03-13
2842,32,2025-03-13
2840,32,2025-03-13
2288,32,2025-03-13
657,32,2025-03-13
656,32,2025-03-13
655,32,2025-03-13
226,32,2025-03-13
136,32,2025-03-13
2293,32,2025-03-13
2287,32,2025-03-13
2286,32,2025-03-13
135,32,2025-03-13
2182,32,2025-03-13
2181,32,2025-03-13
2356,32,2025-03-13
2331,32,2025-03-13
1589,32,2025-03-13
230,32,2025-03-13
1764,32,2025-03-13
2402,32,2025-03-13
229,32,2025-03-13
2330,32,2025-03-13
1588,32,2025-03-13
2267,32,2025-03-13
1587,32,2025-03-13
1754,32,2025-03-13
2265,32,2025-03-13
140,32,2025-03-13
2208,32,2025-03-13
228,32,2025-03-13
139,32,2025-03-13
2011,32,2025-03-13
2332,32,2025-03-13
2333,32,2025-03-13
133,32,2025-03-13
231,32,2025-03-13
2225,32,2025-03-13
1517,32,2025-03-13
2226,32,2025-03-13
141,32,2025-03-13
2295,32,2025-03-13
2296,32,2025-03-13
416,32,2025-03-13
415,32,2025-03-13
2290,32,2025-03-13
2341,32,2025-03-13
134,32,2025-03-13
23,32,2025-03-13
2207,32,2025-03-13
233,32,2025-03-13
232,32,2025-03-13
413,32,2025-03-13
2291,32,2025-03-13
2303,33,2025-03-13
3179,33,2025-03-13
2031,33,2025-03-13
2580,33,2025-03-13
247,33,2025-03-13
246,33,2025-03-13
239,33,2025-03-13
241,33,2025-03-13
242,33,2025-03-13
243,33,2025-03-13
244,33,2025-03-13
245,33,2025-03-13
248,33,2025-03-13
249,33,2025-03-13
250,33,2025-03-13
2150,33,2025-03-13
2562,33,2025-03-13
660,33,2025-03-13
253,33,2025-03-13
659,33,2025-03-13
252,33,2025-03-13
2579,33,2025-03-13
2358,33,2025-03-13
661,34,2025-03-13
663,35,2025-03-13
234,36,2025-03-13
2159,36,2025-03-13
2063,36,2025-03-13
2056,36,2025-03-13
2064,36,2025-03-13
2062,36,2025-03-13
1595,37,2025-03-13
235,37,2025-03-13
236,37,2025-03-13
2455,38,2025-03-13
2165,38,2025-03-13
2774,38,2025-03-13
2119,38,2025-03-13
2967,38,2025-03-13
2214,38,2025-03-13
664,38,2025-03-13
665,38,2025-03-13
2776,38,2025-03-13
2775,38,2025-03-13
2773,38,2025-03-13
2213,38,2025-03-13
2839,39,2025-03-13
88,40,2025-03-13
87,40,2025-03-13
82,40,2025-03-13
2636,40,2025-03-13
2631,40,2025-03-13
1892,40,2025-03-13
1903,40,2025-03-13
2074,40,2025-03-13
2549,40,2025-03-13
667,41,2025-03-13
666,41,2025-03-13
2759,42,2025-03-13
2003,43,2025-03-13
2532,44,2025-03-13
1772,44,2025-03-13
2092,44,2025-03-13
668,44,2025-03-13
3297,44,2025-03-13
2211,44,2025-03-13
1805,45,2025-03-13
3255,45,2025-03-13
669,45,2025-03-13
1757,45,2025-03-13
2399,45,2025-03-13
1917,45,2025-03-13
2147,45,2025-03-13
3278,45,2025-03-13
1617,45,2025-03-13
2111,45,2025-03-13
934,45,2025-03-13
1847,45,2025-03-13
2400,45,2025-03-13
2091,45,2025-03-13
2820,45,2025-03-13
467,45,2025-03-13
2470,45,2025-03-13
2282,45,2025-03-13
672,45,2025-03-13
2242,45,2025-03-13
2243,45,2025-03-13
670,45,2025-03-13
1879,45,2025-03-13
2241,45,2025-03-13
2660,45,2025-03-13
671,45,2025-03-13
1447,46,2025-03-13
1498,46,2025-03-13
3232,46,2025-03-13
2024,46,2025-03-13
2046,46,2025-03-13
1528,46,2025-03-13
2983,46,2025-03-13
237,46,2025-03-13
2581,47,2025-03-13
1836,47,2025-03-13
3133,47,2025-03-13
1835,47,2025-03-13
1834,47,2025-03-13
3119,47,2025-03-13
105,48,2025-03-13
1564,49,2025-03-13
1570,49,2025-03-13
673,50,2025-03-13
674,51,2025-03-13
2589,52,2025-03-13
122,52,2025-03-13
684,53,2025-03-13
686,53,2025-03-13
687,53,2025-03-13
688,53,2025-03-13
690,53,2025-03-13
682,53,2025-03-13
683,53,2025-03-13
675,53,2025-03-13
676,53,2025-03-13
681,53,2025-03-13
677,53,2025-03-13
678,53,2025-03-13
679,53,2025-03-13
2353,53,2025-03-13
691,53,2025-03-13
680,53,2025-03-13
685,53,2025-03-13
238,53,2025-03-13
689,53,2025-03-13
2852,54,2025-03-13
2858,54,2025-03-13
251,54,2025-03-13
2857,54,2025-03-13
2856,54,2025-03-13
2855,54,2025-03-13
2227,54,2025-03-13
2854,54,2025-03-13
2853,54,2025-03-13
2851,54,2025-03-13
240,54,2025-03-13
2848,54,2025-03-13
2849,54,2025-03-13
1481,54,2025-03-13
2850,54,2025-03-13
2859,54,2025-03-13
2506,55,2025-03-13
1114,55,2025-03-13
1485,55,2025-03-13
1483,55,2025-03-13
705,55,2025-03-13
706,55,2025-03-13
477,55,2025-03-13
2505,55,2025-03-13
2381,55,2025-03-13
703,55,2025-03-13
2392,55,2025-03-13
2427,55,2025-03-13
2458,55,2025-03-13
1513,55,2025-03-13
1514,55,2025-03-13
2380,55,2025-03-13
2457,55,2025-03-13
694,55,2025-03-13
692,55,2025-03-13
273,55,2025-03-13
272,55,2025-03-13
271,55,2025-03-13
270,55,2025-03-13
269,55,2025-03-13
268,55,2025-03-13
267,55,2025-03-13
266,55,2025-03-13
265,55,2025-03-13
264,55,2025-03-13
2189,55,2025-03-13
261,55,2025-03-13
263,55,2025-03-13
259,55,2025-03-13
258,55,2025-03-13
2176,55,2025-03-13
257,55,2025-03-13
256,55,2025-03-13
255,55,2025-03-13
254,55,2025-03-13
262,55,2025-03-13
211,55,2025-03-13
260,55,2025-03-13
1973,55,2025-03-13
704,55,2025-03-13
700,55,2025-03-13
698,55,2025-03-13
1793,55,2025-03-13
699,55,2025-03-13
2342,55,2025-03-13
697,55,2025-03-13
696,55,2025-03-13
702,55,2025-03-13
1968,55,2025-03-13
701,55,2025-03-13
1576,55,2025-03-13
693,55,2025-03-13
695,55,2025-03-13
712,56,2025-03-13
713,56,2025-03-13
715,56,2025-03-13
711,56,2025-03-13
716,56,2025-03-13
709,56,2025-03-13
714,56,2025-03-13
708,56,2025-03-13
707,56,2025-03-13
710,56,2025-03-13
2378,57,2025-03-13
736,58,2025-03-13
2371,59,2025-03-13
2260,59,2025-03-13
146,59,2025-03-13
1443,59,2025-03-13
2271,59,2025-03-13
1873,59,2025-03-13
458,59,2025-03-13
2474,59,2025-03-13
2475,59,2025-03-13
2861,59,2025-03-13
1778,59,2025-03-13
1885,59,2025-03-13
279,59,2025-03-13
278,59,2025-03-13
277,59,2025-03-13
276,59,2025-03-13
2281,59,2025-03-13
2705,59,2025-03-13
2098,59,2025-03-13
402,59,2025-03-13
275,59,2025-03-13
274,59,2025-03-13
1878,59,2025-03-13
1877,59,2025-03-13
1872,59,2025-03-13
403,59,2025-03-13
1866,59,2025-03-13
1886,59,2025-03-13
770,59,2025-03-13
1759,59,2025-03-13
2637,59,2025-03-13
145,59,2025-03-13
765,59,2025-03-13
740,59,2025-03-13
739,59,2025-03-13
1512,59,2025-03-13
766,59,2025-03-13
738,59,2025-03-13
762,59,2025-03-13
761,59,2025-03-13
737,59,2025-03-13
777,59,2025-03-13
776,59,2025-03-13
774,59,2025-03-13
735,59,2025-03-13
758,59,2025-03-13
734,59,2025-03-13
763,59,2025-03-13
741,59,2025-03-13
742,59,2025-03-13
760,59,2025-03-13
757,59,2025-03-13
756,59,2025-03-13
755,59,2025-03-13
754,59,2025-03-13
753,59,2025-03-13
752,59,2025-03-13
751,59,2025-03-13
750,59,2025-03-13
749,59,2025-03-13
748,59,2025-03-13
747,59,2025-03-13
746,59,2025-03-13
745,59,2025-03-13
744,59,2025-03-13
743,59,2025-03-13
733,59,2025-03-13
731,59,2025-03-13
1632,59,2025-03-13
1624,59,2025-03-13
725,59,2025-03-13
728,59,2025-03-13
724,59,2025-03-13
723,59,2025-03-13
722,59,2025-03-13
721,59,2025-03-13
956,59,2025-03-13
771,59,2025-03-13
1583,59,2025-03-13
957,59,2025-03-13
959,59,2025-03-13
720,59,2025-03-13
769,59,2025-03-13
960,59,2025-03-13
768,59,2025-03-13
719,59,2025-03-13
767,59,2025-03-13
717,59,2025-03-13
958,59,2025-03-13
726,59,2025-03-13
759,59,2025-03-13
773,59,2025-03-13
1623,59,2025-03-13
948,59,2025-03-13
947,59,2025-03-13
775,59,2025-03-13
772,59,2025-03-13
729,59,2025-03-13
144,59,2025-03-13
727,59,2025-03-13
730,59,2025-03-13
946,59,2025-03-13
764,59,2025-03-13
732,59,2025-03-13
2807,59,2025-03-13
110,60,2025-03-13
779,60,2025-03-13
783,61,2025-03-13
781,61,2025-03-13
782,61,2025-03-13
1900,61,2025-03-13
780,61,2025-03-13
784,61,2025-03-13
2257,61,2025-03-13
76,61,2025-03-13
2364,61,2025-03-13
1801,61,2025-03-13
1781,61,2025-03-13
1780,61,2025-03-13
1929,62,2025-03-13
1472,62,2025-03-13
2796,62,2025-03-13
466,62,2025-03-13
2795,62,2025-03-13
1482,62,2025-03-13
1488,62,2025-03-13
1491,62,2025-03-13
1494,62,2025-03-13
1495,62,2025-03-13
1534,62,2025-03-13
1555,62,2025-03-13
1556,62,2025-03-13
1557,62,2025-03-13
1489,62,2025-03-13
2797,62,2025-03-13
462,63,2025-03-13
2525,63,2025-03-13
790,64,2025-03-13
791,64,2025-03-13
2409,64,2025-03-13
469,64,2025-03-13
2374,64,2025-03-13
2373,64,2025-03-13
1637,64,2025-03-13
2429,64,2025-03-13
788,64,2025-03-13
787,64,2025-03-13
786,64,2025-03-13
785,64,2025-03-13
789,64,2025-03-13
792,65,2025-03-13
793,65,2025-03-13
471,65,2025-03-13
1465,66,2025-03-13
954,66,2025-03-13
953,66,2025-03-13
1672,66,2025-03-13
1464,66,2025-03-13
778,66,2025-03-13
1453,66,2025-03-13
796,66,2025-03-13
2959,66,2025-03-13
1700,66,2025-03-13
795,66,2025-03-13
797,66,2025-03-13
798,67,2025-03-13
3128,67,2025-03-13
1571,68,2025-03-13
1720,69,2025-03-13
1685,69,2025-03-13
802,70,2025-03-13
799,70,2025-03-13
800,70,2025-03-13
801,70,2025-03-13
2577,71,2025-03-13
3129,71,2025-03-13
2052,71,2025-03-13
2578,71,2025-03-13
1627,71,2025-03-13
1625,71,2025-03-13
1626,71,2025-03-13
1628,71,2025-03-13
2425,71,2025-03-13
2452,71,2025-03-13
2343,71,2025-03-13
2300,71,2025-03-13
1529,71,2025-03-13
2041,71,2025-03-13
806,71,2025-03-13
804,71,2025-03-13
803,71,2025-03-13
283,71,2025-03-13
282,71,2025-03-13
807,71,2025-03-13
281,71,2025-03-13
280,71,2025-03-13
2168,71,2025-03-13
805,71,2025-03-13
2249,71,2025-03-13
284,71,2025-03-13
2248,71,2025-03-13
2247,71,2025-03-13
808,72,2025-03-13
809,73,2025-03-13
3268,73,2025-03-13
2712,73,2025-03-13
2468,73,2025-03-13
3258,74,2025-03-13
810,75,2025-03-13
811,75,2025-03-13
1568,76,2025-03-13
324,76,2025-03-13
812,76,2025-03-13
2860,77,2025-03-13
300,77,2025-03-13
302,77,2025-03-13
303,77,2025-03-13
304,77,2025-03-13
305,77,2025-03-13
306,77,2025-03-13
2277,77,2025-03-13
2280,77,2025-03-13
301,77,2025-03-13
73,77,2025-03-13
2048,77,2025-03-13
75,77,2025-03-13
299,77,2025-03-13
298,77,2025-03-13
297,77,2025-03-13
2276,77,2025-03-13
101,77,2025-03-13
295,77,2025-03-13
2862,77,2025-03-13
292,77,2025-03-13
294,77,2025-03-13
293,77,2025-03-13
74,77,2025-03-13
1606,77,2025-03-13
815,77,2025-03-13
102,77,2025-03-13
3073,77,2025-03-13
1782,77,2025-03-13
440,77,2025-03-13
2264,77,2025-03-13
2021,77,2025-03-13
470,77,2025-03-13
2188,77,2025-03-13
307,77,2025-03-13
813,77,2025-03-13
814,77,2025-03-13
289,77,2025-03-13
1874,77,2025-03-13
290,77,2025-03-13
291,77,2025-03-13
1875,77,2025-03-13
1876,77,2025-03-13
1524,77,2025-03-13
309,77,2025-03-13
308,77,2025-03-13
103,77,2025-03-13
296,77,2025-03-13
816,78,2025-03-13
2603,78,2025-03-13
1765,78,2025-03-13
2669,78,2025-03-13
817,79,2025-03-13
1608,80,2025-03-13
2676,81,2025-03-13
2678,81,2025-03-13
2679,81,2025-03-13
2585,82,2025-03-13
826,82,2025-03-13
825,82,2025-03-13
2362,83,2025-03-13
432,84,2025-03-13
821,84,2025-03-13
424,84,2025-03-13
2846,85,2025-03-13
3077,86,2025-03-13
3075,86,2025-03-13
3076,86,2025-03-13
311,86,2025-03-13
3074,86,2025-03-13
1747,87,2025-03-13
1746,87,2025-03-13
2359,87,2025-03-13
1744,87,2025-03-13
1743,87,2025-03-13
1742,87,2025-03-13
3163,87,2025-03-13
2845,87,2025-03-13
1745,87,2025-03-13
3112,87,2025-03-13
1592,87,2025-03-13
2154,87,2025-03-13
2153,87,2025-03-13
1602,88,2025-03-13
831,89,2025-03-13
830,89,2025-03-13
2513,90,2025-03-13
2034,91,2025-03-13
2032,91,2025-03-13
2036,91,2025-03-13
2035,91,2025-03-13
2033,91,2025-03-13
2569,92,2025-03-13
2556,92,2025-03-13
2557,92,2025-03-13
2559,92,2025-03-13
2560,92,2025-03-13
2561,92,2025-03-13
2565,92,2025-03-13
834,92,2025-03-13
2563,92,2025-03-13
2555,92,2025-03-13
2554,92,2025-03-13
2552,92,2025-03-13
2570,92,2025-03-13
2553,92,2025-03-13
2564,92,2025-03-13
312,93,2025-03-13
847,93,2025-03-13
843,93,2025-03-13
842,93,2025-03-13
841,93,2025-03-13
844,93,2025-03-13
840,93,2025-03-13
839,93,2025-03-13
838,93,2025-03-13
837,93,2025-03-13
836,93,2025-03-13
845,93,2025-03-13
835,93,2025-03-13
846,93,2025-03-13
848,93,2025-03-13
849,93,2025-03-13
850,94,2025-03-13
851,95,2025-03-13
317,96,2025-03-13
314,96,2025-03-13
313,96,2025-03-13
853,97,2025-03-13
2203,97,2025-03-13
852,97,2025-03-13
854,98,2025-03-13
1907,99,2025-03-13
70,99,2025-03-13
2690,99,2025-03-13
2349,99,2025-03-13
66,99,2025-03-13
67,99,2025-03-13
2221,99,2025-03-13
2348,99,2025-03-13
858,99,2025-03-13
860,99,2025-03-13
859,99,2025-03-13
310,99,2025-03-13
857,99,2025-03-13
2424,99,2025-03-13
1995,99,2025-03-13
1996,99,2025-03-13
2742,99,2025-03-13
2148,99,2025-03-13
820,99,2025-03-13
2687,99,2025-03-13
829,99,2025-03-13
2692,99,2025-03-13
427,99,2025-03-13
425,99,2025-03-13
423,99,2025-03-13
422,99,2025-03-13
421,99,2025-03-13
2472,99,2025-03-13
3155,99,2025-03-13
1815,99,2025-03-13
3150,99,2025-03-13
1918,99,2025-03-13
1966,99,2025-03-13
1919,99,2025-03-13
1920,99,2025-03-13
1921,99,2025-03-13
2688,99,2025-03-13
429,99,2025-03-13
431,99,2025-03-13
1766,99,2025-03-13
819,99,2025-03-13
828,99,2025-03-13
2827,99,2025-03-13
827,99,2025-03-13
824,99,2025-03-13
823,99,2025-03-13
2623,99,2025-03-13
822,99,2025-03-13
2085,99,2025-03-13
2122,99,2025-03-13
2750,99,2025-03-13
2127,99,2025-03-13
2334,99,2025-03-13
2691,99,2025-03-13
2053,99,2025-03-13
2084,99,2025-03-13
818,99,2025-03-13
1659,99,2025-03-13
2798,99,2025-03-13
2791,99,2025-03-13
1844,100,2025-03-13
867,101,2025-03-13
2733,101,2025-03-13
2298,102,2025-03-13
870,102,2025-03-13
868,102,2025-03-13
2681,102,2025-03-13
2509,102,2025-03-13
2029,102,2025-03-13
869,102,2025-03-13
2761,102,2025-03-13
2335,103,2025-03-13
3254,104,2025-03-13
1814,104,2025-03-13
80,104,2025-03-13
2186,104,2025-03-13
1598,104,2025-03-13
1974,104,2025-03-13
2082,104,2025-03-13
62,104,2025-03-13
1609,104,2025-03-13
2069,104,2025-03-13
1862,104,2025-03-13
2466,104,2025-03-13
2337,105,2025-03-13
151,106,2025-03-13
157,106,2025-03-13
885,106,2025-03-13
156,106,2025-03-13
884,106,2025-03-13
883,106,2025-03-13
155,106,2025-03-13
881,106,2025-03-13
880,106,2025-03-13
154,106,2025-03-13
150,106,2025-03-13
153,106,2025-03-13
882,106,2025-03-13
152,106,2025-03-13
898,106,2025-03-13
158,106,2025-03-13
887,106,2025-03-13
889,106,2025-03-13
888,106,2025-03-13
890,106,2025-03-13
1895,106,2025-03-13
891,106,2025-03-13
2323,106,2025-03-13
892,106,2025-03-13
1591,106,2025-03-13
894,106,2025-03-13
895,106,2025-03-13
149,106,2025-03-13
896,106,2025-03-13
897,106,2025-03-13
893,106,2025-03-13
159,106,2025-03-13
1799,106,2025-03-13
161,106,2025-03-13
160,106,2025-03-13
1816,106,2025-03-13
1817,106,2025-03-13
1818,106,2025-03-13
906,106,2025-03-13
325,106,2025-03-13
907,106,2025-03-13
2117,106,2025-03-13
326,106,2025-03-13
327,106,2025-03-13
908,106,2025-03-13
909,106,2025-03-13
2785,106,2025-03-13
1539,106,2025-03-13
3260,106,2025-03-13
904,106,2025-03-13
903,106,2025-03-13
905,106,2025-03-13
2415,106,2025-03-13
162,106,2025-03-13
886,106,2025-03-13
899,106,2025-03-13
900,106,2025-03-13
879,106,2025-03-13
902,106,2025-03-13
877,106,2025-03-13
878,106,2025-03-13
875,106,2025-03-13
874,106,2025-03-13
873,106,2025-03-13
872,106,2025-03-13
871,106,2025-03-13
901,106,2025-03-13
2414,106,2025-03-13
876,106,2025-03-13
163,106,2025-03-13
2040,107,2025-03-13
2038,107,2025-03-13
2039,107,2025-03-13
2702,107,2025-03-13
2434,108,2025-03-13
1975,108,2025-03-13
913,109,2025-03-13
2546,109,2025-03-13
916,109,2025-03-13
917,109,2025-03-13
914,109,2025-03-13
918,109,2025-03-13
919,109,2025-03-13
912,109,2025-03-13
915,109,2025-03-13
911,109,2025-03-13
1845,109,2025-03-13
2324,109,2025-03-13
718,109,2025-03-13
2647,109,2025-03-13
910,109,2025-03-13
2545,109,2025-03-13
2650,110,2025-03-13
2649,110,2025-03-13
2730,110,2025-03-13
1502,111,2025-03-13
1501,111,2025-03-13
1500,111,2025-03-13
1499,111,2025-03-13
2229,111,2025-03-13
1584,111,2025-03-13
2539,112,2025-03-13
2297,113,2025-03-13
1927,114,2025-03-13
921,115,2025-03-13
920,115,2025-03-13
2235,116,2025-03-13
1478,117,2025-03-13
923,118,2025-03-13
922,118,2025-03-13
104,119,2025-03-13
927,120,2025-03-13
2129,120,2025-03-13
926,120,2025-03-13
1887,120,2025-03-13
1806,120,2025-03-13
1776,120,2025-03-13
2089,120,2025-03-13
925,120,2025-03-13
924,120,2025-03-13
2574,120,2025-03-13
2220,120,2025-03-13
930,121,2025-03-13
3130,121,2025-03-13
1615,122,2025-03-13
933,122,2025-03-13
1479,122,2025-03-13
2195,122,2025-03-13
1614,122,2025-03-13
2734,123,2025-03-13
1881,123,2025-03-13
2936,124,2025-03-13
1813,125,2025-03-13
2625,125,2025-03-13
2819,125,2025-03-13
1540,125,2025-03-13
1863,125,2025-03-13
1812,125,2025-03-13
939,125,2025-03-13
942,125,2025-03-13
943,125,2025-03-13
944,125,2025-03-13
941,125,2025-03-13
935,125,2025-03-13
940,125,2025-03-13
936,125,2025-03-13
938,125,2025-03-13
937,125,2025-03-13
945,126,2025-03-13
2395,127,2025-03-13
1688,128,2025-03-13
2167,128,2025-03-13
1718,128,2025-03-13
1641,128,2025-03-13
1679,128,2025-03-13
1673,128,2025-03-13
1693,128,2025-03-13
1915,128,2025-03-13
1711,128,2025-03-13
1671,128,2025-03-13
1666,128,2025-03-13
950,128,2025-03-13
949,128,2025-03-13
1662,128,2025-03-13
951,128,2025-03-13
952,128,2025-03-13
955,128,2025-03-13
1650,128,2025-03-13
1649,128,2025-03-13
794,128,2025-03-13
1694,128,2025-03-13
1695,128,2025-03-13
1914,128,2025-03-13
1698,128,2025-03-13
1709,128,2025-03-13
1710,128,2025-03-13
1717,128,2025-03-13
1699,128,2025-03-13
961,129,2025-03-13
2212,130,2025-03-13
970,130,2025-03-13
968,130,2025-03-13
1531,130,2025-03-13
1530,130,2025-03-13
2781,130,2025-03-13
962,130,2025-03-13
2436,130,2025-03-13
963,130,2025-03-13
964,130,2025-03-13
965,130,2025-03-13
966,130,2025-03-13
3296,130,2025-03-13
967,130,2025-03-13
972,131,2025-03-13
982,132,2025-03-13
165,132,2025-03-13
166,132,2025-03-13
419,132,2025-03-13
167,132,2025-03-13
983,132,2025-03-13
1854,132,2025-03-13
1853,132,2025-03-13
985,132,2025-03-13
1475,132,2025-03-13
1474,132,2025-03-13
476,132,2025-03-13
468,132,2025-03-13
984,132,2025-03-13
418,132,2025-03-13
1855,132,2025-03-13
979,132,2025-03-13
974,132,2025-03-13
2158,132,2025-03-13
2102,132,2025-03-13
1516,132,2025-03-13
1856,132,2025-03-13
1857,132,2025-03-13
2465,132,2025-03-13
328,132,2025-03-13
978,132,2025-03-13
3134,132,2025-03-13
973,132,2025-03-13
980,132,2025-03-13
2237,132,2025-03-13
976,132,2025-03-13
981,132,2025-03-13
975,132,2025-03-13
2093,132,2025-03-13
417,132,2025-03-13
2238,132,2025-03-13
1542,132,2025-03-13
977,132,2025-03-13
1851,132,2025-03-13
1852,132,2025-03-13
3197,133,2025-03-13
2596,134,2025-03-13
2160,135,2025-03-13
988,136,2025-03-13
2668,136,2025-03-13
2627,137,2025-03-13
990,138,2025-03-13
1819,139,2025-03-13
2205,139,2025-03-13
2251,139,2025-03-13
97,139,2025-03-13
2657,139,2025-03-13
98,139,2025-03-13
2190,139,2025-03-13
2530,139,2025-03-13
2547,140,2025-03-13
2278,141,2025-03-13
2464,141,2025-03-13
2682,141,2025-03-13
991,141,2025-03-13
992,141,2025-03-13
993,141,2025-03-13
1004,141,2025-03-13
1002,141,2025-03-13
994,141,2025-03-13
1525,141,2025-03-13
2677,141,2025-03-13
995,141,2025-03-13
2344,141,2025-03-13
1001,141,2025-03-13
1005,141,2025-03-13
999,141,2025-03-13
996,141,2025-03-13
1849,141,2025-03-13
998,141,2025-03-13
1000,141,2025-03-13
1003,141,2025-03-13
1466,141,2025-03-13
997,141,2025-03-13
441,141,2025-03-13
1573,141,2025-03-13
2393,142,2025-03-13
1006,143,2025-03-13
121,144,2025-03-13
1007,144,2025-03-13
2674,144,2025-03-13
2187,144,2025-03-13
2671,144,2025-03-13
2206,144,2025-03-13
1008,144,2025-03-13
1015,145,2025-03-13
195,145,2025-03-13
3132,145,2025-03-13
1014,145,2025-03-13
1011,145,2025-03-13
2083,145,2025-03-13
2966,145,2025-03-13
1009,145,2025-03-13
2964,145,2025-03-13
2958,145,2025-03-13
1010,145,2025-03-13
1012,145,2025-03-13
3082,145,2025-03-13
1013,145,2025-03-13
3259,145,2025-03-13
3146,146,2025-03-13
2054,146,2025-03-13
2055,146,2025-03-13
1477,146,2025-03-13
1983,147,2025-03-13
1022,147,2025-03-13
3118,147,2025-03-13
1633,147,2025-03-13
1019,147,2025-03-13
1018,147,2025-03-13
1020,147,2025-03-13
1023,147,2025-03-13
1634,147,2025-03-13
1470,147,2025-03-13
2789,147,2025-03-13
1558,147,2025-03-13
1911,147,2025-03-13
1773,147,2025-03-13
2624,147,2025-03-13
1532,147,2025-03-13
2790,147,2025-03-13
2592,147,2025-03-13
1021,147,2025-03-13
2788,147,2025-03-13
1016,147,2025-03-13
1017,147,2025-03-13
1577,148,2025-03-13
442,149,2025-03-13
3157,149,2025-03-13
420,150,2025-03-13
2022,150,2025-03-13
2043,151,2025-03-13
2412,151,2025-03-13
2258,152,2025-03-13
2488,153,2025-03-13
1850,153,2025-03-13
1901,153,2025-03-13
2971,153,2025-03-13
2489,153,2025-03-13
1027,153,2025-03-13
2783,153,2025-03-13
1026,153,2025-03-13
1024,153,2025-03-13
1025,153,2025-03-13
3135,153,2025-03-13
115,153,2025-03-13
1541,153,2025-03-13
2192,153,2025-03-13
1792,154,2025-03-13
1791,154,2025-03-13
2451,154,2025-03-13
1790,154,2025-03-13
1028,154,2025-03-13
2118,154,2025-03-13
1828,155,2025-03-13
1831,155,2025-03-13
148,156,2025-03-13
2811,156,2025-03-13
2224,156,2025-03-13
1871,156,2025-03-13
1869,156,2025-03-13
2310,156,2025-03-13
2311,156,2025-03-13
147,156,2025-03-13
1865,156,2025-03-13
1870,156,2025-03-13
1029,157,2025-03-13
3154,158,2025-03-13
330,158,2025-03-13
1567,158,2025-03-13
2196,158,2025-03-13
2710,158,2025-03-13
2713,158,2025-03-13
112,158,2025-03-13
111,158,2025-03-13
1030,158,2025-03-13
90,158,2025-03-13
1032,158,2025-03-13
2711,158,2025-03-13
89,158,2025-03-13
1829,158,2025-03-13
1566,158,2025-03-13
92,158,2025-03-13
94,158,2025-03-13
2666,158,2025-03-13
1031,158,2025-03-13
91,158,2025-03-13
2758,158,2025-03-13
2754,158,2025-03-13
2501,158,2025-03-13
1896,158,2025-03-13
1893,158,2025-03-13
1897,158,2025-03-13
2706,158,2025-03-13
2769,158,2025-03-13
1898,158,2025-03-13
2635,158,2025-03-13
2152,158,2025-03-13
2151,158,2025-03-13
2072,158,2025-03-13
1600,158,2025-03-13
2755,158,2025-03-13
2634,158,2025-03-13
1894,158,2025-03-13
2633,158,2025-03-13
2753,158,2025-03-13
2752,158,2025-03-13
1599,158,2025-03-13
2632,158,2025-03-13
331,158,2025-03-13
2780,158,2025-03-13
81,158,2025-03-13
85,158,2025-03-13
2019,158,2025-03-13
2709,158,2025-03-13
2194,158,2025-03-13
2071,158,2025-03-13
2638,158,2025-03-13
1036,159,2025-03-13
2541,159,2025-03-13
1034,159,2025-03-13
1454,159,2025-03-13
1035,159,2025-03-13
1037,159,2025-03-13
1033,159,2025-03-13
1039,159,2025-03-13
1038,159,2025-03-13
1957,160,2025-03-13
1040,160,2025-03-13
2050,160,2025-03-13
2450,160,2025-03-13
2422,160,2025-03-13
1965,160,2025-03-13
2097,161,2025-03-13
1859,162,2025-03-13
2079,162,2025-03-13
1041,162,2025-03-13
2656,162,2025-03-13
3066,162,2025-03-13
1798,162,2025-03-13
2416,162,2025-03-13
1779,162,2025-03-13
2739,163,2025-03-13
1846,163,2025-03-13
2157,163,2025-03-13
1044,163,2025-03-13
2419,163,2025-03-13
2663,163,2025-03-13
71,163,2025-03-13
2648,163,2025-03-13
2106,163,2025-03-13
2379,163,2025-03-13
69,163,2025-03-13
1043,163,2025-03-13
1045,163,2025-03-13
1046,163,2025-03-13
1047,163,2025-03-13
1796,163,2025-03-13
1048,163,2025-03-13
1042,163,2025-03-13
1049,163,2025-03-13
1561,163,2025-03-13
1560,163,2025-03-13
1050,164,2025-03-13
2346,165,2025-03-13
2345,165,2025-03-13
2787,165,2025-03-13
1449,165,2025-03-13
1486,165,2025-03-13
1984,165,2025-03-13
2388,165,2025-03-13
1553,165,2025-03-13
1457,165,2025-03-13
1458,165,2025-03-13
1526,165,2025-03-13
1459,165,2025-03-13
2078,166,2025-03-13
1051,167,2025-03-13
3285,167,2025-03-13
3284,167,2025-03-13
3286,167,2025-03-13
3287,167,2025-03-13
3288,167,2025-03-13
3289,167,2025-03-13
3291,167,2025-03-13
3292,167,2025-03-13
3293,167,2025-03-13
3283,167,2025-03-13
3290,167,2025-03-13
3294,167,2025-03-13
84,168,2025-03-13
83,168,2025-03-13
1578,169,2025-03-13
2698,169,2025-03-13
119,169,2025-03-13
123,169,2025-03-13
333,170,2025-03-13
334,170,2025-03-13
335,170,2025-03-13
1052,170,2025-03-13
1976,170,2025-03-13
1053,170,2025-03-13
1088,171,2025-03-13
1096,171,2025-03-13
1082,171,2025-03-13
1083,171,2025-03-13
1084,171,2025-03-13
1085,171,2025-03-13
1095,171,2025-03-13
1094,171,2025-03-13
1087,171,2025-03-13
1089,171,2025-03-13
2764,171,2025-03-13
1091,171,2025-03-13
1093,171,2025-03-13
1090,171,2025-03-13
1097,171,2025-03-13
1086,171,2025-03-13
1098,171,2025-03-13
347,171,2025-03-13
2044,171,2025-03-13
1059,171,2025-03-13
1060,171,2025-03-13
1061,171,2025-03-13
1062,171,2025-03-13
1063,171,2025-03-13
1056,171,2025-03-13
1055,171,2025-03-13
1054,171,2025-03-13
2023,171,2025-03-13
2531,171,2025-03-13
1113,171,2025-03-13
1112,171,2025-03-13
1111,171,2025-03-13
1109,171,2025-03-13
1081,171,2025-03-13
1108,171,2025-03-13
1107,171,2025-03-13
1110,171,2025-03-13
1106,171,2025-03-13
1105,171,2025-03-13
1104,171,2025-03-13
1981,171,2025-03-13
1103,171,2025-03-13
1102,171,2025-03-13
1101,171,2025-03-13
1099,171,2025-03-13
1080,171,2025-03-13
1058,171,2025-03-13
1078,171,2025-03-13
2806,171,2025-03-13
2059,171,2025-03-13
2057,171,2025-03-13
2058,171,2025-03-13
1079,171,2025-03-13
445,171,2025-03-13
433,171,2025-03-13
1827,171,2025-03-13
356,171,2025-03-13
355,171,2025-03-13
2670,171,2025-03-13
354,171,2025-03-13
353,171,2025-03-13
2060,171,2025-03-13
352,171,2025-03-13
351,171,2025-03-13
337,171,2025-03-13
338,171,2025-03-13
342,171,2025-03-13
350,171,2025-03-13
339,171,2025-03-13
340,171,2025-03-13
349,171,2025-03-13
341,171,2025-03-13
343,171,2025-03-13
344,171,2025-03-13
345,171,2025-03-13
346,171,2025-03-13
336,171,2025-03-13
2061,171,2025-03-13
2779,171,2025-03-13
348,171,2025-03-13
1064,171,2025-03-13
1066,171,2025-03-13
1067,171,2025-03-13
1069,171,2025-03-13
1572,171,2025-03-13
1070,171,2025-03-13
1071,171,2025-03-13
1471,171,2025-03-13
1590,171,2025-03-13
1594,171,2025-03-13
1065,171,2025-03-13
1072,171,2025-03-13
1068,171,2025-03-13
2351,171,2025-03-13
1074,171,2025-03-13
1075,171,2025-03-13
2352,171,2025-03-13
1073,171,2025-03-13
1076,171,2025-03-13
2834,171,2025-03-13
1057,171,2025-03-13
1077,171,2025-03-13
2490,172,2025-03-13
2326,173,2025-03-13
2327,173,2025-03-13
2328,173,2025-03-13
1888,174,2025-03-13
1889,174,2025-03-13
1899,175,2025-03-13
2030,176,2025-03-13
1569,176,2025-03-13
358,176,2025-03-13
359,176,2025-03-13
360,176,2025-03-13
457,176,2025-03-13
357,176,2025-03-13
1902,177,2025-03-13
2338,178,2025-03-13
1122,179,2025-03-13
1121,179,2025-03-13
1120,179,2025-03-13
2372,179,2025-03-13
1119,179,2025-03-13
1118,179,2025-03-13
1115,179,2025-03-13
1117,179,2025-03-13
1116,179,2025-03-13
1157,180,2025-03-13
2017,180,2025-03-13
1159,180,2025-03-13
1138,180,2025-03-13
1139,180,2025-03-13
1143,180,2025-03-13
1158,180,2025-03-13
1156,180,2025-03-13
1155,180,2025-03-13
1154,180,2025-03-13
1153,180,2025-03-13
1152,180,2025-03-13
1140,180,2025-03-13
1141,180,2025-03-13
1142,180,2025-03-13
1144,180,2025-03-13
1145,180,2025-03-13
1146,180,2025-03-13
1147,180,2025-03-13
1148,180,2025-03-13
1149,180,2025-03-13
1137,180,2025-03-13
1136,180,2025-03-13
1135,180,2025-03-13
1134,180,2025-03-13
1971,180,2025-03-13
2743,180,2025-03-13
1166,180,2025-03-13
1165,180,2025-03-13
1164,180,2025-03-13
1163,180,2025-03-13
1123,180,2025-03-13
1162,180,2025-03-13
1161,180,2025-03-13
1150,180,2025-03-13
1124,180,2025-03-13
1126,180,2025-03-13
1127,180,2025-03-13
1128,180,2025-03-13
1129,180,2025-03-13
1130,180,2025-03-13
1131,180,2025-03-13
1160,180,2025-03-13
1132,180,2025-03-13
1133,180,2025-03-13
1125,180,2025-03-13
1151,180,2025-03-13
173,181,2025-03-13
175,181,2025-03-13
174,181,2025-03-13
172,181,2025-03-13
171,181,2025-03-13
1616,181,2025-03-13
1797,181,2025-03-13
2320,181,2025-03-13
2307,181,2025-03-13
1947,181,2025-03-13
1948,181,2025-03-13
1949,181,2025-03-13
1950,181,2025-03-13
176,181,2025-03-13
1169,182,2025-03-13
1168,182,2025-03-13
2428,182,2025-03-13
1170,182,2025-03-13
2357,183,2025-03-13
2732,183,2025-03-13
1800,183,2025-03-13
3256,184,2025-03-13
1691,185,2025-03-13
1678,185,2025-03-13
1665,185,2025-03-13
2799,185,2025-03-13
1176,185,2025-03-13
1515,185,2025-03-13
2835,185,2025-03-13
1490,185,2025-03-13
1195,185,2025-03-13
1648,185,2025-03-13
1593,185,2025-03-13
2777,185,2025-03-13
2171,185,2025-03-13
1826,185,2025-03-13
448,185,2025-03-13
447,185,2025-03-13
446,185,2025-03-13
3311,185,2025-03-13
2045,185,2025-03-13
373,185,2025-03-13
372,185,2025-03-13
371,185,2025-03-13
370,185,2025-03-13
369,185,2025-03-13
368,185,2025-03-13
367,185,2025-03-13
366,185,2025-03-13
1716,185,2025-03-13
1177,185,2025-03-13
2408,185,2025-03-13
1188,185,2025-03-13
1186,185,2025-03-13
1184,185,2025-03-13
1182,185,2025-03-13
1181,185,2025-03-13
1180,185,2025-03-13
1196,185,2025-03-13
1167,185,2025-03-13
1183,185,2025-03-13
1179,185,2025-03-13
1173,185,2025-03-13
1178,185,2025-03-13
1171,185,2025-03-13
1172,185,2025-03-13
1174,185,2025-03-13
1175,185,2025-03-13
1187,185,2025-03-13
1189,185,2025-03-13
365,185,2025-03-13
1191,185,2025-03-13
1201,185,2025-03-13
2703,185,2025-03-13
1200,185,2025-03-13
1199,185,2025-03-13
1198,185,2025-03-13
1197,185,2025-03-13
1190,185,2025-03-13
1193,185,2025-03-13
1194,185,2025-03-13
1192,185,2025-03-13
1185,186,2025-03-13
2155,186,2025-03-13
2360,186,2025-03-13
449,187,2025-03-13
1520,188,2025-03-13
1204,188,2025-03-13
1206,188,2025-03-13
1519,188,2025-03-13
1205,188,2025-03-13
2179,189,2025-03-13
2329,189,2025-03-13
2467,189,2025-03-13
2735,189,2025-03-13
1803,189,2025-03-13
2130,189,2025-03-13
2939,189,2025-03-13
1210,189,2025-03-13
1207,189,2025-03-13
1208,189,2025-03-13
2156,189,2025-03-13
1209,189,2025-03-13
1212,189,2025-03-13
1211,189,2025-03-13
2822,189,2025-03-13
2823,189,2025-03-13
1213,189,2025-03-13
1214,190,2025-03-13
2004,191,2025-03-13
1908,191,2025-03-13
1215,192,2025-03-13
1216,192,2025-03-13
1217,193,2025-03-13
1218,193,2025-03-13
3174,193,2025-03-13
2377,193,2025-03-13
1565,194,2025-03-13
1864,195,2025-03-13
2745,196,2025-03-13
2749,196,2025-03-13
2746,196,2025-03-13
1219,197,2025-03-13
1969,198,2025-03-13
1970,198,2025-03-13
1956,198,2025-03-13
2233,198,2025-03-13
2630,199,2025-03-13
1220,200,2025-03-13
2108,201,2025-03-13
168,202,2025-03-13
169,202,2025-03-13
170,202,2025-03-13
1223,202,2025-03-13
1222,202,2025-03-13
407,202,2025-03-13
374,202,2025-03-13
2659,202,2025-03-13
1221,202,2025-03-13
1224,202,2025-03-13
376,203,2025-03-13
375,203,2025-03-13
2420,204,2025-03-13
2012,205,2025-03-13
2864,205,2025-03-13
2223,205,2025-03-13
2013,205,2025-03-13
2572,206,2025-03-13
3295,207,2025-03-13
3152,207,2025-03-13
1226,208,2025-03-13
2847,208,2025-03-13
1229,208,2025-03-13
426,208,2025-03-13
1238,209,2025-03-13
1258,209,2025-03-13
1257,209,2025-03-13
1251,209,2025-03-13
95,209,2025-03-13
1252,209,2025-03-13
1237,209,2025-03-13
1236,209,2025-03-13
1235,209,2025-03-13
3123,209,2025-03-13
3117,209,2025-03-13
1234,209,2025-03-13
1233,209,2025-03-13
1253,209,2025-03-13
1254,209,2025-03-13
1255,209,2025-03-13
1232,209,2025-03-13
1231,209,2025-03-13
1239,209,2025-03-13
1259,209,2025-03-13
2382,209,2025-03-13
2810,209,2025-03-13
1597,209,2025-03-13
1245,209,2025-03-13
1243,209,2025-03-13
1230,209,2025-03-13
1242,209,2025-03-13
1503,209,2025-03-13
77,209,2025-03-13
78,209,2025-03-13
1244,209,2025-03-13
79,209,2025-03-13
1241,209,2025-03-13
1246,209,2025-03-13
1247,209,2025-03-13
1575,209,2025-03-13
1248,209,2025-03-13
1249,209,2025-03-13
1250,209,2025-03-13
1240,209,2025-03-13
2259,209,2025-03-13
2809,209,2025-03-13
2095,209,2025-03-13
2689,209,2025-03-13
2113,209,2025-03-13
2411,209,2025-03-13
379,209,2025-03-13
378,209,2025-03-13
3067,209,2025-03-13
377,209,2025-03-13
2757,209,2025-03-13
404,209,2025-03-13
2185,209,2025-03-13
1937,209,2025-03-13
1256,209,2025-03-13
381,209,2025-03-13
2099,209,2025-03-13
1824,209,2025-03-13
1823,209,2025-03-13
1822,209,2025-03-13
1821,209,2025-03-13
1820,209,2025-03-13
1767,209,2025-03-13
1758,209,2025-03-13
2096,209,2025-03-13
380,209,2025-03-13
1260,210,2025-03-13
1261,210,2025-03-13
1922,211,2025-03-13
1989,211,2025-03-13
1988,211,2025-03-13
120,212,2025-03-13
1263,213,2025-03-13
1273,213,2025-03-13
1278,213,2025-03-13
1274,213,2025-03-13
1279,213,2025-03-13
1280,213,2025-03-13
1281,213,2025-03-13
1282,213,2025-03-13
1283,213,2025-03-13
1262,213,2025-03-13
1284,213,2025-03-13
1268,213,2025-03-13
1285,213,2025-03-13
1277,213,2025-03-13
1286,213,2025-03-13
1287,213,2025-03-13
1276,213,2025-03-13
1272,213,2025-03-13
1265,213,2025-03-13
1288,213,2025-03-13
1269,213,2025-03-13
1266,213,2025-03-13
1267,213,2025-03-13
1275,213,2025-03-13
1264,213,2025-03-13
1270,213,2025-03-13
1861,213,2025-03-13
1271,213,2025-03-13
1290,214,2025-03-13
1289,214,2025-03-13
1291,214,2025-03-13
1292,214,2025-03-13
1300,215,2025-03-13
1299,215,2025-03-13
2548,215,2025-03-13
1297,215,2025-03-13
1296,215,2025-03-13
1295,215,2025-03-13
1293,215,2025-03-13
1294,215,2025-03-13
1298,215,2025-03-13
1302,216,2025-03-13
3267,216,2025-03-13
2651,216,2025-03-13
1301,216,2025-03-13
2367,216,2025-03-13
2527,216,2025-03-13
2528,216,2025-03-13
2366,216,2025-03-13
1313,217,2025-03-13
475,217,2025-03-13
409,217,2025-03-13
412,217,2025-03-13
411,217,2025-03-13
410,217,2025-03-13
1303,217,2025-03-13
1312,217,2025-03-13
1315,217,2025-03-13
1304,217,2025-03-13
1305,217,2025-03-13
1314,217,2025-03-13
1307,217,2025-03-13
3107,217,2025-03-13
1306,217,2025-03-13
1596,217,2025-03-13
2279,217,2025-03-13
1755,217,2025-03-13
1320,217,2025-03-13
1319,217,2025-03-13
1909,217,2025-03-13
1317,217,2025-03-13
1316,217,2025-03-13
1311,217,2025-03-13
1310,217,2025-03-13
1309,217,2025-03-13
1308,217,2025-03-13
1318,217,2025-03-13
2391,218,2025-03-13
2042,219,2025-03-13
1321,220,2025-03-13
1322,220,2025-03-13
2363,220,2025-03-13
1323,220,2025-03-13
1324,220,2025-03-13
1325,220,2025-03-13
2833,220,2025-03-13
1327,221,2025-03-13
2697,222,2025-03-13
2696,222,2025-03-13
2695,222,2025-03-13
1329,222,2025-03-13
1328,222,2025-03-13
2683,223,2025-03-13
2684,223,2025-03-13
2685,223,2025-03-13
2107,224,2025-03-13
2418,224,2025-03-13
2586,225,2025-03-13
2502,225,2025-03-13
658,225,2025-03-13
2744,225,2025-03-13
109,225,2025-03-13
1332,225,2025-03-13
2026,225,2025-03-13
2825,225,2025-03-13
2077,225,2025-03-13
1629,225,2025-03-13
1603,225,2025-03-13
2066,225,2025-03-13
2802,225,2025-03-13
1771,225,2025-03-13
2088,225,2025-03-13
2183,225,2025-03-13
2801,225,2025-03-13
2370,225,2025-03-13
2146,225,2025-03-13
108,225,2025-03-13
1810,225,2025-03-13
2800,225,2025-03-13
2421,225,2025-03-13
2239,225,2025-03-13
2025,225,2025-03-13
2068,225,2025-03-13
2254,225,2025-03-13
1967,225,2025-03-13
1882,225,2025-03-13
1333,225,2025-03-13
1331,225,2025-03-13
1330,225,2025-03-13
2067,225,2025-03-13
2396,225,2025-03-13
2751,225,2025-03-13
2184,225,2025-03-13
1581,225,2025-03-13
384,226,2025-03-13
2766,226,2025-03-13
1938,227,2025-03-13
1941,227,2025-03-13
1942,227,2025-03-13
1943,227,2025-03-13
1935,227,2025-03-13
1944,227,2025-03-13
1945,227,2025-03-13
1946,227,2025-03-13
1933,227,2025-03-13
1932,227,2025-03-13
1931,227,2025-03-13
1939,227,2025-03-13
1930,227,2025-03-13
1934,227,2025-03-13
164,227,2025-03-13
2305,227,2025-03-13
1940,228,2025-03-13
2708,228,2025-03-13
2639,228,2025-03-13
1936,228,2025-03-13
2202,229,2025-03-13
2200,229,2025-03-13
1563,230,2025-03-13
3108,231,2025-03-13
2133,232,2025-03-13
2132,232,2025-03-13
2131,232,2025-03-13
2397,233,2025-03-13
2027,233,2025-03-13
2240,234,2025-03-13
2770,234,2025-03-13
1991,235,2025-03-13
1994,235,2025-03-13
1993,235,2025-03-13
3114,235,2025-03-13
1334,235,2025-03-13
1335,235,2025-03-13
2376,235,2025-03-13
2086,235,2025-03-13
3115,235,2025-03-13
2970,235,2025-03-13
1336,236,2025-03-13
93,237,2025-03-13
68,237,2025-03-13
2204,238,2025-03-13
2161,238,2025-03-13
1339,238,2025-03-13
1337,238,2025-03-13
1338,238,2025-03-13
1340,238,2025-03-13
2576,238,2025-03-13
1341,238,2025-03-13
2844,238,2025-03-13
2588,239,2025-03-13
385,240,2025-03-13
387,240,2025-03-13
386,240,2025-03-13
450,240,2025-03-13
99,241,2025-03-13
179,241,2025-03-13
2960,241,2025-03-13
177,241,2025-03-13
3177,241,2025-03-13
3110,241,2025-03-13
3109,241,2025-03-13
2665,241,2025-03-13
2961,241,2025-03-13
178,241,2025-03-13
2642,241,2025-03-13
1549,241,2025-03-13
1669,241,2025-03-13
1343,241,2025-03-13
1344,241,2025-03-13
1725,241,2025-03-13
1724,241,2025-03-13
1723,241,2025-03-13
1722,241,2025-03-13
1345,241,2025-03-13
1346,241,2025-03-13
1714,241,2025-03-13
1713,241,2025-03-13
1707,241,2025-03-13
1706,241,2025-03-13
1705,241,2025-03-13
1704,241,2025-03-13
1682,241,2025-03-13
1342,241,2025-03-13
1733,241,2025-03-13
1734,241,2025-03-13
1735,241,2025-03-13
485,241,2025-03-13
2075,241,2025-03-13
2008,241,2025-03-13
2007,241,2025-03-13
2006,241,2025-03-13
2005,241,2025-03-13
1961,241,2025-03-13
1676,241,2025-03-13
1960,241,2025-03-13
1958,241,2025-03-13
1833,241,2025-03-13
1363,241,2025-03-13
1762,241,2025-03-13
1761,241,2025-03-13
1753,241,2025-03-13
1736,241,2025-03-13
1959,241,2025-03-13
1675,241,2025-03-13
1347,241,2025-03-13
1348,241,2025-03-13
1505,241,2025-03-13
1504,241,2025-03-13
1497,241,2025-03-13
1646,241,2025-03-13
1645,241,2025-03-13
1355,241,2025-03-13
1621,241,2025-03-13
1506,241,2025-03-13
1473,241,2025-03-13
1357,241,2025-03-13
1358,241,2025-03-13
1359,241,2025-03-13
1360,241,2025-03-13
1361,241,2025-03-13
1365,241,2025-03-13
1364,241,2025-03-13
1356,241,2025-03-13
460,241,2025-03-13
1507,241,2025-03-13
1509,241,2025-03-13
1652,241,2025-03-13
1349,241,2025-03-13
1350,241,2025-03-13
1351,241,2025-03-13
1562,241,2025-03-13
1550,241,2025-03-13
1548,241,2025-03-13
1508,241,2025-03-13
1551,241,2025-03-13
1546,241,2025-03-13
1536,241,2025-03-13
1352,241,2025-03-13
1353,241,2025-03-13
1354,241,2025-03-13
1511,241,2025-03-13
1510,241,2025-03-13
1547,241,2025-03-13
2169,241,2025-03-13
1362,241,2025-03-13
2401,241,2025-03-13
185,241,2025-03-13
190,241,2025-03-13
391,241,2025-03-13
191,241,2025-03-13
2361,241,2025-03-13
182,241,2025-03-13
192,241,2025-03-13
2413,241,2025-03-13
2354,241,2025-03-13
2453,241,2025-03-13
186,241,2025-03-13
389,241,2025-03-13
183,241,2025-03-13
181,241,2025-03-13
2355,241,2025-03-13
184,241,2025-03-13
187,241,2025-03-13
2383,241,2025-03-13
388,241,2025-03-13
180,241,2025-03-13
188,241,2025-03-13
2473,241,2025-03-13
390,241,2025-03-13
189,241,2025-03-13
2582,241,2025-03-13
2937,242,2025-03-13
1367,242,2025-03-13
1366,242,2025-03-13
1371,243,2025-03-13
1370,243,2025-03-13
1369,243,2025-03-13
1368,243,2025-03-13
2149,243,2025-03-13
1372,243,2025-03-13
2813,243,2025-03-13
1538,244,2025-03-13
451,244,2025-03-13
1373,244,2025-03-13
2312,244,2025-03-13
2306,244,2025-03-13
2304,244,2025-03-13
193,244,2025-03-13
2047,244,2025-03-13
2321,244,2025-03-13
2317,244,2025-03-13
2319,244,2025-03-13
1953,244,2025-03-13
1952,244,2025-03-13
1951,244,2025-03-13
2322,244,2025-03-13
1374,244,2025-03-13
1375,244,2025-03-13
2318,244,2025-03-13
2461,245,2025-03-13
2462,245,2025-03-13
2460,245,2025-03-13
1388,246,2025-03-13
1387,246,2025-03-13
1377,246,2025-03-13
1380,246,2025-03-13
1381,246,2025-03-13
1376,246,2025-03-13
1378,246,2025-03-13
1386,246,2025-03-13
1382,246,2025-03-13
1379,246,2025-03-13
1383,246,2025-03-13
1385,246,2025-03-13
1384,246,2025-03-13
1392,247,2025-03-13
2109,247,2025-03-13
2076,247,2025-03-13
1809,247,2025-03-13
2394,247,2025-03-13
1883,247,2025-03-13
1390,247,2025-03-13
2163,247,2025-03-13
1391,247,2025-03-13
1884,247,2025-03-13
2164,247,2025-03-13
1389,247,2025-03-13
100,248,2025-03-13
2808,248,2025-03-13
1393,248,2025-03-13
1394,248,2025-03-13
1396,248,2025-03-13
2081,248,2025-03-13
1868,248,2025-03-13
1964,248,2025-03-13
1880,248,2025-03-13
1395,248,2025-03-13
2070,248,2025-03-13
2542,249,2025-03-13
2667,249,2025-03-13
1763,249,2025-03-13
2302,249,2025-03-13
1397,249,2025-03-13
1804,249,2025-03-13
2244,249,2025-03-13
1398,249,2025-03-13
1825,249,2025-03-13
1401,250,2025-03-13
1605,250,2025-03-13
1399,250,2025-03-13
1400,250,2025-03-13
2234,251,2025-03-13
1760,251,2025-03-13
2652,252,2025-03-13
1807,252,2025-03-13
2762,252,2025-03-13
3310,253,2025-03-13
1683,253,2025-03-13
1670,253,2025-03-13
2536,253,2025-03-13
1640,253,2025-03-13
1677,253,2025-03-13
1690,253,2025-03-13
1661,253,2025-03-13
321,253,2025-03-13
318,253,2025-03-13
319,253,2025-03-13
320,253,2025-03-13
322,253,2025-03-13
2606,253,2025-03-13
392,253,2025-03-13
2818,253,2025-03-13
2817,253,2025-03-13
2604,253,2025-03-13
2605,253,2025-03-13
2540,253,2025-03-13
1647,253,2025-03-13
2537,253,2025-03-13
1660,253,2025-03-13
1664,253,2025-03-13
1684,253,2025-03-13
393,253,2025-03-13
1582,253,2025-03-13
1403,253,2025-03-13
394,253,2025-03-13
1402,253,2025-03-13
2116,253,2025-03-13
2028,253,2025-03-13
2110,253,2025-03-13
395,253,2025-03-13
2246,253,2025-03-13
2252,253,2025-03-13
2255,253,2025-03-13
2256,253,2025-03-13
435,253,2025-03-13
2166,253,2025-03-13
2432,253,2025-03-13
2433,253,2025-03-13
315,253,2025-03-13
1686,253,2025-03-13
2339,253,2025-03-13
2524,253,2025-03-13
3309,253,2025-03-13
2454,253,2025-03-13
1708,253,2025-03-13
3308,253,2025-03-13
1715,253,2025-03-13
2523,253,2025-03-13
2385,253,2025-03-13
2398,253,2025-03-13
316,253,2025-03-13
2386,253,2025-03-13
2216,254,2025-03-13
2217,254,2025-03-13
2218,254,2025-03-13
1404,255,2025-03-13
1463,255,2025-03-13
1642,255,2025-03-13
1462,255,2025-03-13
142,255,2025-03-13
1461,255,2025-03-13
1411,255,2025-03-13
1410,255,2025-03-13
1408,255,2025-03-13
1405,255,2025-03-13
1407,255,2025-03-13
1413,255,2025-03-13
1643,255,2025-03-13
1644,255,2025-03-13
2728,255,2025-03-13
1406,255,2025-03-13
1409,255,2025-03-13
1412,255,2025-03-13
2438,255,2025-03-13
2573,255,2025-03-13
1719,255,2025-03-13
2404,255,2025-03-13
1721,255,2025-03-13
2387,255,2025-03-13
1726,255,2025-03-13
1727,255,2025-03-13
1750,255,2025-03-13
1712,255,2025-03-13
1962,255,2025-03-13
1414,255,2025-03-13
473,255,2025-03-13
2253,255,2025-03-13
396,255,2025-03-13
2170,255,2025-03-13
2430,255,2025-03-13
2437,255,2025-03-13
1415,255,2025-03-13
1703,255,2025-03-13
1963,255,2025-03-13
1697,255,2025-03-13
2828,255,2025-03-13
1651,255,2025-03-13
1654,255,2025-03-13
1655,255,2025-03-13
1656,255,2025-03-13
1657,255,2025-03-13
1663,255,2025-03-13
1667,255,2025-03-13
1702,255,2025-03-13
1668,255,2025-03-13
143,255,2025-03-13
2417,255,2025-03-13
1689,255,2025-03-13
1696,255,2025-03-13
1701,255,2025-03-13
2439,255,2025-03-13
1680,255,2025-03-13
1681,255,2025-03-13
1674,255,2025-03-13
2245,256,2025-03-13
2756,256,2025-03-13
1867,256,2025-03-13
2198,256,2025-03-13
2199,256,2025-03-13
2197,256,2025-03-13
399,257,2025-03-13
400,257,2025-03-13
455,257,2025-03-13
456,257,2025-03-13
398,257,2025-03-13
397,257,2025-03-13
1416,257,2025-03-13
1417,257,2025-03-13
1438,257,2025-03-13
1444,257,2025-03-13
1418,257,2025-03-13
1437,257,2025-03-13
1436,257,2025-03-13
1435,257,2025-03-13
3302,257,2025-03-13
3156,257,2025-03-13
1434,257,2025-03-13
1433,257,2025-03-13
1432,257,2025-03-13
1431,257,2025-03-13
1430,257,2025-03-13
1429,257,2025-03-13
1428,257,2025-03-13
1427,257,2025-03-13
1440,257,2025-03-13
1425,257,2025-03-13
1424,257,2025-03-13
1423,257,2025-03-13
1422,257,2025-03-13
1419,257,2025-03-13
1439,257,2025-03-13
1426,257,2025-03-13
2737,257,2025-03-13
2219,257,2025-03-13
2435,257,2025-03-13
2173,257,2025-03-13
2273,257,2025-03-13
2274,257,2025-03-13
2694,257,2025-03-13
2699,257,2025-03-13
2700,257,2025-03-13
2701,257,2025-03-13
86,257,2025-03-13
2138,257,2025-03-13
2134,257,2025-03-13
2135,257,2025-03-13
2100,257,2025-03-13
2080,257,2025-03-13
1980,257,2025-03-13
1979,257,2025-03-13
1978,257,2025-03-13
2299,257,2025-03-13
2760,257,2025-03-13
2664,257,2025-03-13
2407,257,2025-03-13
2738,257,2025-03-13
2729,257,2025-03-13
2740,257,2025-03-13
2741,257,2025-03-13
2499,257,2025-03-13
2487,257,2025-03-13
2747,257,2025-03-13
2587,257,2025-03-13
2593,257,2025-03-13
2594,257,2025-03-13
2595,257,2025-03-13
2571,257,2025-03-13
2558,257,2025-03-13
2551,257,2025-03-13
2550,257,2025-03-13
2529,257,2025-03-13
2456,257,2025-03-13
2369,257,2025-03-13
1977,257,2025-03-13
4,257,2025-03-13
2126,257,2025-03-13
1808,257,2025-03-13
1658,257,2025-03-13
2128,257,2025-03-13
2736,257,2025-03-13
3113,257,2025-03-13
3111,257,2025-03-13
1729,257,2025-03-13
1728,257,2025-03-13
2831,257,2025-03-13
1730,257,2025-03-13
1731,257,2025-03-13
1794,257,2025-03-13
2832,257,2025-03-13
1636,257,2025-03-13
1630,257,2025-03-13
1535,257,2025-03-13
1748,257,2025-03-13
1774,257,2025-03-13
1775,257,2025-03-13
1830,257,2025-03-13
1456,257,2025-03-13
1455,257,2025-03-13
1906,257,2025-03-13
2125,257,2025-03-13
2124,257,2025-03-13
1910,257,2025-03-13
1732,257,2025-03-13
1912,257,2025-03-13
1913,257,2025-03-13
65,257,2025-03-13
2123,257,2025-03-13
2210,258,2025-03-13
3182,259,2025-03-13
3187,259,2025-03-13
3181,259,2025-03-13
3188,259,2025-03-13
3183,259,2025-03-13
3186,259,2025-03-13
3185,259,2025-03-13
3184,259,2025-03-13
2543,260,2025-03-13
2793,260,2025-03-13
2544,260,2025-03-13
434,260,2025-03-13
1990,261,2025-03-13
1451,261,2025-03-13
1858,261,2025-03-13
2646,261,2025-03-13
1579,261,2025-03-13
1843,262,2025-03-13
1441,262,2025-03-13
2485,262,2025-03-13
2478,262,2025-03-13
2483,262,2025-03-13
2301,262,2025-03-13
2325,262,2025-03-13
2653,262,2025-03-13
2481,262,2025-03-13
2480,262,2025-03-13
2479,262,2025-03-13
2484,262,2025-03-13
2482,262,2025-03-13
1442,263,2025-03-13
